<?xml version="1.0" encoding="utf-8" ?>
<CIM CIMVERSION="2.0" DTDVERSION="2.0">
  <MESSAGE ID="4711" PROTOCOLVERSION="1.0">
    <SIMPLEREQ>
      <IMETHODCALL NAME="DeleteClass">
        <LOCALNAMESPACEPATH>
          <NAMESPACE NAME="root"></NAMESPACE>
          <NAMESPACE NAME="test"></NAMESPACE>
          <NAMESPACE NAME="B"></NAMESPACE>
        </LOCALNAMESPACEPATH>
        <IPARAMVALUE NAME="ClassName">
          <CLASSNAME NAME="MCCA_TestClass"/>
        </IPARAMVALUE>
      </IMETHODCALL>
    </SIMPLEREQ>
  </MESSAGE>
</CIM>
