<?xml version="1.0" encoding="utf-8" ?>
<CIM CIMVERSION="2.0" DTDVERSION="2.0">
 <MESSAGE ID="87872" PROTOCOLVERSION="1.0">
  <SIMPLEREQ>
   <METHODCALL NAME="SayHello">
    <LOCALINSTANCEPATH>
     <LOCALNAMESPACEPATH>
      <NAMESPACE NAME="SDKExamples"/>
      <NAMESPACE NAME="DefaultCXX"/>
     </LOCALNAMESPACEPATH>
     <INSTANCENAME CLASSNAME="Sample_MethodProviderClass">
      <KEYBINDING NAME="Identifer"><KEYVALUE>1</KEYVALUE></KEYBINDING>
     </INSTANCENAME>
    </LOCALINSTANCEPATH>
   </METHODCALL>
  </SIMPLEREQ>
 </MESSAGE>
</CIM>

